{"cameraMode":{"drawMode":0,"name":"Shaded","section":"Shading Mode"},"sceneLighting":true,"audioPlay":false,"sceneViewState":{"m_AlwaysRefresh":false,"showFog":true,"showSkybox":true,"showFlares":true,"showImageEffects":true,"showParticleSystems":true,"showVisualEffectGraphs":true,"m_FxEnabled":true},"in2DMode":false,"pivot":{"x":28.012496948242189,"y":61.656463623046878,"z":274.51116943359377},"rotation":{"x":-0.09753092378377915,"y":-0.9041233658790588,"z":0.29158657789230349,"w":-0.29890576004981997},"size":125.99421691894531,"orthographic":false}